name,set,total,usd,usd_foil,usd_etched,release_date,year
Plains,lea,111.06,111.06,0.0,0.0,1993-08-05,1993
Plains,leb,65.84,65.84,0.0,0.0,1993-10-04,1993
Plains,2ed,9.01,9.01,0.0,0.0,1993-12-01,1993
Plains,3ed,1.16,1.16,0.0,0.0,1994-04-11,1994
Plains,fbb,10.58,10.58,0.0,0.0,1994-04-11,1994
Plains,sum,0.0,0.0,0.0,0.0,1994-06-21,1994
Plains,4bb,9.24,9.24,0.0,0.0,1995-04-01,1995
Plains,4ed,1.88,1.88,0.0,0.0,1995-04-01,1995
Plains,ice,1.18,1.18,0.0,0.0,1995-06-03,1995
Plains,rqs,0.0,0.0,0.0,0.0,1996-07-01,1996
Plains,parl,8.86,8.86,0.0,0.0,1996-08-02,1996
Plains,mir,2.46,2.46,0.0,0.0,1996-10-08,1996
Plains,itp,0.0,0.0,0.0,0.0,1996-12-31,1996
Plains,5ed,2.38,2.38,0.0,0.0,1997-03-24,1997
Plains,por,4.23,4.23,0.0,0.0,1997-05-01,1997
Plains,tmp,1.89,1.89,0.0,0.0,1997-10-14,1997
Plains,p02,4.029999999999999,4.029999999999999,0.0,0.0,1998-06-24,1998
Plains,ugl,4.86,4.86,0.0,0.0,1998-08-11,1998
Plains,palp,131.81,131.81,0.0,0.0,1998-09-01,1998
Plains,usg,1.98,1.98,0.0,0.0,1998-10-12,1998
Plains,ath,1.28,1.28,0.0,0.0,1998-11-01,1998
Plains,pal99,31.33,0.0,31.33,0.0,1999-01-01,1999
Plains,6ed,2.06,2.06,0.0,0.0,1999-04-21,1999
Plains,ptk,7.68,7.68,0.0,0.0,1999-05-01,1999
Plains,s99,1.29,1.29,0.0,0.0,1999-07-01,1999
Plains,pgru,598.9,598.9,0.0,0.0,1999-07-12,1999
Plains,mmq,13.93,1.67,12.26,0.0,1999-10-04,1999
Plains,brb,14.120000000000001,14.120000000000001,0.0,0.0,1999-11-12,1999
Plains,pal00,5.56,0.0,5.56,0.0,2000-01-01,2000
Plains,pelp,96.18,96.18,0.0,0.0,2000-02-05,2000
Plains,inv,13.639999999999999,2.02,11.62,0.0,2000-10-02,2000
Plains,pal01,12.24,0.0,12.24,0.0,2001-01-01,2001
Plains,7ed,31.35,1.48,29.87,0.0,2001-04-11,2001
Plains,ody,24.64,3.16,21.48,0.0,2001-10-01,2001
Plains,ons,12.26,1.58,10.68,0.0,2002-10-07,2002
Plains,pal03,17.99,17.99,0.0,0.0,2003-01-01,2003
Plains,8ed,8.98,1.4900000000000002,7.49,0.0,2003-07-28,2003
Plains,mrd,4.24,1.1600000000000001,3.08,0.0,2003-10-02,2003
Plains,prm,0.0,0.0,0.0,0.0,2003-12-31,2003
Plains,pal04,3.1,3.1,0.0,0.0,2004-01-01,2004
Plains,chk,3.8,1.49,2.31,0.0,2004-10-01,2004
Plains,unh,27.4,4.65,22.75,0.0,2004-11-19,2004
Plains,pal05,3.43,3.43,0.0,0.0,2005-01-01,2005
Plains,pmps,53.24,0.0,53.24,0.0,2005-01-01,2005
Plains,9ed,4.12,1.49,2.63,0.0,2005-07-29,2005
Plains,psal,0.0,0.0,0.0,0.0,2005-08-22,2005
Plains,rav,3.13,1.0,2.13,0.0,2005-10-07,2005
Plains,pal06,1.39,1.39,0.0,0.0,2006-01-01,2006
Plains,pmps06,10.29,0.0,10.29,0.0,2006-01-01,2006
Plains,cst,0.6799999999999999,0.6799999999999999,0.0,0.0,2006-07-21,2006
Plains,tsp,2.71,0.72,1.99,0.0,2006-10-06,2006
Plains,pmps07,9.99,6.98,3.01,0.0,2007-01-01,2007
Plains,10e,2.47,0.56,1.9100000000000001,0.0,2007-07-13,2007
Plains,me1,0.0,0.0,0.0,0.0,2007-09-10,2007
Plains,lrw,5.35,1.55,3.8,0.0,2007-10-12,2007
Plains,pmps08,7.11,0.0,7.11,0.0,2008-01-01,2008
Plains,shm,3.6100000000000003,0.82,2.79,0.0,2008-05-02,2008
Plains,ala,11.1,1.17,9.93,0.0,2008-10-03,2008
Plains,pmps09,3.92,2.09,1.83,0.0,2009-01-01,2009
Plains,ddc,1.8,1.8,0.0,0.0,2009-04-10,2009
Plains,m10,6.57,0.79,5.78,0.0,2009-07-17,2009
Plains,hop,0.93,0.93,0.0,0.0,2009-09-04,2009
Plains,me3,0.0,0.0,0.0,0.0,2009-09-07,2009
Plains,zen,30.22,2.38,27.84,0.0,2009-10-02,2009
Plains,h09,0.56,0.0,0.56,0.0,2009-11-20,2009
Plains,pmps10,7.05,1.46,5.59,0.0,2010-01-01,2010
Plains,dde,0.69,0.69,0.0,0.0,2010-03-19,2010
Plains,roe,5.03,0.9,4.13,0.0,2010-04-23,2010
Plains,arc,0.77,0.77,0.0,0.0,2010-06-18,2010
Plains,m11,8.719999999999999,0.66,8.06,0.0,2010-07-16,2010
Plains,ddf,1.06,1.06,0.0,0.0,2010-09-03,2010
Plains,som,5.69,0.6799999999999999,5.01,0.0,2010-10-01,2010
Plains,td0,0.0,0.0,0.0,0.0,2010-11-08,2010
Plains,pmps11,1.11,1.01,0.1,0.0,2011-01-01,2011
Plains,ps11,0.0,0.0,0.0,0.0,2011-01-01,2011
Plains,mbs,2.28,0.26,2.02,0.0,2011-02-04,2011
Plains,ddg,0.6,0.6,0.0,0.0,2011-04-01,2011
Plains,nph,7.62,0.44,7.18,0.0,2011-05-13,2011
Plains,td2,0.0,0.0,0.0,0.0,2011-05-14,2011
Plains,cmd,0.5800000000000001,0.5800000000000001,0.0,0.0,2011-06-17,2011
Plains,m12,1.8,0.54,1.26,0.0,2011-07-15,2011
Plains,ddh,0.12,0.12,0.0,0.0,2011-09-02,2011
Plains,isd,4.2700000000000005,0.68,3.59,0.0,2011-09-30,2011
Plains,ddi,0.72,0.72,0.0,0.0,2012-03-30,2012
Plains,avr,3.43,0.68,2.75,0.0,2012-05-04,2012
Plains,pc2,0.5800000000000001,0.5800000000000001,0.0,0.0,2012-06-01,2012
Plains,m13,5.67,0.47,5.199999999999999,0.0,2012-07-13,2012
Plains,rtr,2.42,0.52,1.9000000000000001,0.0,2012-10-05,2012
Plains,ddk,0.8,0.8,0.0,0.0,2013-03-15,2013
Plains,pdgm,0.32,0.0,0.32,0.0,2013-04-27,2013
Plains,m14,2.54,0.32,2.2199999999999998,0.0,2013-07-19,2013
Plains,ddl,0.96,0.96,0.0,0.0,2013-09-06,2013
Plains,ths,2.87,0.49,2.38,0.0,2013-09-27,2013
Plains,c13,0.52,0.52,0.0,0.0,2013-11-01,2013
Plains,j14,65.71,0.0,65.71,0.0,2014-01-01,2014
Plains,md1,0.53,0.53,0.0,0.0,2014-05-30,2014
Plains,m15,2.62,0.42,2.2,0.0,2014-07-18,2014
Plains,ddn,0.66,0.66,0.0,0.0,2014-09-05,2014
Plains,ktk,2.81,0.5,2.31,0.0,2014-09-26,2014
Plains,c14,0.32,0.32,0.0,0.0,2014-11-07,2014
Plains,dvd,0.83,0.83,0.0,0.0,2014-12-05,2014
Plains,frf,0.95,0.14,0.81,0.0,2015-01-23,2015
Plains,ddo,0.47000000000000003,0.47000000000000003,0.0,0.0,2015-02-27,2015
Plains,dtk,1.7600000000000002,0.33999999999999997,1.4200000000000002,0.0,2015-03-27,2015
Plains,tpr,0.0,0.0,0.0,0.0,2015-05-06,2015
Plains,ori,2.4,0.33999999999999997,2.06,0.0,2015-07-17,2015
Plains,ddp,0.55,0.55,0.0,0.0,2015-08-28,2015
Plains,bfz,6.68,1.6099999999999999,5.07,0.0,2015-10-02,2015
Plains,c15,0.23000000000000004,0.23000000000000004,0.0,0.0,2015-11-13,2015
Plains,ddq,0.37,0.37,0.0,0.0,2016-02-26,2016
Plains,soi,1.78,0.27,1.51,0.0,2016-04-08,2016
Plains,kld,1.29,0.25,1.04,0.0,2016-09-30,2016
Plains,c16,0.73,0.73,0.0,0.0,2016-11-11,2016
Plains,pca,1.1099999999999999,1.1099999999999999,0.0,0.0,2016-11-25,2016
Plains,akh,3.0500000000000003,0.41,2.64,0.0,2017-04-28,2017
Plains,cma,2.58,2.58,0.0,0.0,2017-06-09,2017
Plains,e01,0.25,0.25,0.0,0.0,2017-06-16,2017
Plains,hou,1.67,0.36,1.31,0.0,2017-07-14,2017
Plains,c17,0.8200000000000001,0.8200000000000001,0.0,0.0,2017-08-25,2017
Plains,pss2,1.09,0.0,1.09,0.0,2017-09-29,2017
Plains,xln,2.23,0.24,1.9900000000000002,0.0,2017-09-29,2017
Plains,g17,0.48,0.0,0.48,0.0,2017-10-20,2017
Plains,ust,26.47,1.89,24.58,0.0,2017-12-08,2017
Plains,rix,1.16,0.41,0.75,0.0,2018-01-19,2018
Plains,dom,2.4499999999999997,0.37,2.08,0.0,2018-04-27,2018
Plains,bbd,1.49,0.65,0.84,0.0,2018-06-08,2018
Plains,cm2,2.6300000000000003,2.6300000000000003,0.0,0.0,2018-06-08,2018
Plains,pgpx,2.79,0.0,2.79,0.0,2018-06-14,2018
Plains,gs1,0.38,0.38,0.0,0.0,2018-06-22,2018
Plains,m19,0.84,0.29,0.55,0.0,2018-07-13,2018
Plains,pss3,0.73,0.0,0.73,0.0,2018-07-13,2018
Plains,ana,0.0,0.0,0.0,0.0,2018-07-14,2018
Plains,pana,0.0,0.0,0.0,0.0,2018-07-14,2018
Plains,c18,0.47,0.47,0.0,0.0,2018-08-09,2018
Plains,grn,0.72,0.42,0.3,0.0,2018-10-05,2018
Plains,gk1,0.79,0.79,0.0,0.0,2018-11-02,2018
Plains,prwk,1.98,0.0,1.98,0.0,2018-11-09,2018
Plains,gnt,0.24000000000000002,0.24000000000000002,0.0,0.0,2018-11-16,2018
Plains,pz2,0.0,0.0,0.0,0.0,2018-12-06,2018
Plains,pf19,0.58,0.0,0.58,0.0,2019-01-01,2019
Plains,rna,1.16,0.31,0.85,0.0,2019-01-25,2019
Plains,gk2,0.8999999999999999,0.8999999999999999,0.0,0.0,2019-02-15,2019
Plains,prw2,6.59,0.0,6.59,0.0,2019-02-16,2019
Plains,war,1.61,0.2,1.4100000000000001,0.0,2019-05-03,2019
Plains,m20,1.3200000000000003,0.46,0.8600000000000001,0.0,2019-07-12,2019
Plains,ppp1,1.01,0.4,0.61,0.0,2019-07-12,2019
Plains,c19,0.19,0.19,0.0,0.0,2019-08-23,2019
Plains,eld,1.6,0.61,0.99,0.0,2019-10-04,2019
Plains,gn2,1.25,1.25,0.0,0.0,2019-11-15,2019
Plains,pf20,0.33,0.0,0.33,0.0,2020-01-01,2020
Plains,thb,4.64,1.99,2.65,0.0,2020-01-24,2020
Plains,und,3.94,2.01,1.93,0.0,2020-02-29,2020
Plains,iko,1.41,0.72,0.6900000000000001,0.0,2020-04-24,2020
Plains,m21,2.06,0.76,1.3,0.0,2020-07-03,2020
Plains,jmp,4.08,4.08,0.0,0.0,2020-07-17,2020
Plains,sld,343.66,133.60999999999999,191.85,18.2,2020-07-31,2020
Plains,2xm,3.9799999999999995,1.13,2.85,0.0,2020-08-07,2020
Plains,akr,0.0,0.0,0.0,0.0,2020-08-13,2020
Plains,anb,0.0,0.0,0.0,0.0,2020-08-13,2020
Plains,plst,3.5,3.5,0.0,0.0,2020-09-01,2020
Plains,znr,1.98,0.74,1.24,0.0,2020-09-25,2020
Plains,klr,0.0,0.0,0.0,0.0,2020-11-12,2020
Plains,cmr,0.17,0.17,0.0,0.0,2020-11-20,2020
Plains,khm,0.75,0.43,0.32,0.0,2021-02-05,2021
Plains,stx,0.32,0.15,0.17,0.0,2021-04-23,2021
Plains,mh2,0.8099999999999999,0.11,0.15,0.55,2021-06-18,2021
Plains,afr,0.72,0.3,0.42,0.0,2021-07-23,2021
Plains,mid,1.35,0.54,0.81,0.0,2021-09-24,2021
Plains,vow,17.76,0.56,1.3800000000000001,15.82,2021-11-19,2021
Plains,neo,9.97,4.26,5.71,0.0,2022-02-18,2022
Plains,snc,1.7,0.6,1.1,0.0,2022-04-29,2022
Plains,clb,0.75,0.33,0.42,0.0,2022-06-10,2022
Plains,hbg,0.0,0.0,0.0,0.0,2022-07-07,2022
Plains,dmu,4.15,1.48,2.67,0.0,2022-09-09,2022
Plains,40k,0.47,0.12,0.35,0.0,2022-10-07,2022
Plains,unf,18.65,2.85,15.799999999999999,0.0,2022-10-07,2022
Plains,gn3,0.25,0.25,0.0,0.0,2022-10-14,2022
Plains,brc,0.19,0.19,0.0,0.0,2022-11-18,2022
Plains,bro,1.68,0.71,0.97,0.0,2022-11-18,2022
Plains,j22,0.14,0.14,0.0,0.0,2022-12-02,2022
Plains,scd,0.28,0.28,0.0,0.0,2022-12-02,2022
Plains,p23,15.96,0.0,15.96,0.0,2023-01-01,2023
Plains,dmr,1.65,0.31,1.34,0.0,2023-01-13,2023
Plains,one,8.049999999999999,1.03,7.02,0.0,2023-02-03,2023
Plains,sir,0.0,0.0,0.0,0.0,2023-03-21,2023
Plains,mom,1.15,0.41000000000000003,0.74,0.0,2023-04-21,2023
Plains,ltr,3.48,0.6799999999999999,2.8,0.0,2023-06-23,2023
Plains,cmm,3.04,1.4300000000000002,1.61,0.0,2023-08-04,2023
Plains,woe,0.9100000000000001,0.28,0.63,0.0,2023-09-08,2023
Plains,who,2.88,0.2,2.68,0.0,2023-10-13,2023
Plains,lci,1.17,0.48,0.69,0.0,2023-11-17,2023
Plains,mkm,0.9099999999999999,0.42999999999999994,0.48,0.0,2024-02-09,2024
Plains,pss4,0.0,0.0,0.0,0.0,2024-02-10,2024
Plains,clu,0.45999999999999996,0.45999999999999996,0.0,0.0,2024-02-23,2024
Plains,pip,9.82,0.28,9.54,0.0,2024-03-08,2024
Plains,otj,0.7999999999999999,0.43999999999999995,0.36,0.0,2024-04-19,2024
Plains,mh3,1.1,0.3,0.8,0.0,2024-06-14,2024
Plains,acr,1.01,0.42,0.5900000000000001,0.0,2024-07-05,2024
Plains,blb,4.18,1.32,2.86,0.0,2024-08-02,2024
Plains,slp,2.23,2.23,0.0,0.0,2024-08-09,2024
Plains,dsk,2.15,0.88,1.27,0.0,2024-09-27,2024
Plains,fdn,0.0,0.0,0.0,0.0,2024-11-15,2024
Island,lea,139.46,139.46,0.0,0.0,1993-08-05,1993
Island,leb,120.28,120.28,0.0,0.0,1993-10-04,1993
Island,2ed,9.26,9.26,0.0,0.0,1993-12-01,1993
Island,3ed,1.75,1.75,0.0,0.0,1994-04-11,1994
Island,fbb,22.18,22.18,0.0,0.0,1994-04-11,1994
Island,sum,0.0,0.0,0.0,0.0,1994-06-21,1994
Island,4bb,13.74,13.74,0.0,0.0,1995-04-01,1995
Island,4ed,1.79,1.79,0.0,0.0,1995-04-01,1995
Island,ice,2.01,2.01,0.0,0.0,1995-06-03,1995
Island,rqs,0.0,0.0,0.0,0.0,1996-07-01,1996
Island,parl,18.25,18.25,0.0,0.0,1996-08-02,1996
Island,mir,3.42,3.42,0.0,0.0,1996-10-08,1996
Island,itp,0.0,0.0,0.0,0.0,1996-12-31,1996
Island,5ed,2.1399999999999997,2.1399999999999997,0.0,0.0,1997-03-24,1997
Island,por,5.609999999999999,5.609999999999999,0.0,0.0,1997-05-01,1997
Island,tmp,2.23,2.23,0.0,0.0,1997-10-14,1997
Island,p02,2.83,2.83,0.0,0.0,1998-06-24,1998
Island,ugl,11.25,11.25,0.0,0.0,1998-08-11,1998
Island,palp,62.31,62.31,0.0,0.0,1998-09-01,1998
Island,usg,4.61,4.61,0.0,0.0,1998-10-12,1998
Island,pal99,56.47,0.0,56.47,0.0,1999-01-01,1999
Island,6ed,1.73,1.73,0.0,0.0,1999-04-21,1999
Island,ptk,8.8,8.8,0.0,0.0,1999-05-01,1999
Island,s99,1.79,1.79,0.0,0.0,1999-07-01,1999
Island,pgru,485.0,485.0,0.0,0.0,1999-07-12,1999
Island,mmq,16.91,1.88,15.030000000000001,0.0,1999-10-04,1999
Island,brb,7.43,7.43,0.0,0.0,1999-11-12,1999
Island,pal00,10.31,0.0,10.31,0.0,2000-01-01,2000
Island,pelp,111.99,111.99,0.0,0.0,2000-02-05,2000
Island,btd,2.05,2.05,0.0,0.0,2000-10-01,2000
Island,inv,32.66,2.74,29.92,0.0,2000-10-02,2000
Island,pal01,17.29,0.0,17.29,0.0,2001-01-01,2001
Island,7ed,51.24,1.43,49.81,0.0,2001-04-11,2001
Island,ody,20.67,2.98,17.689999999999998,0.0,2001-10-01,2001
Island,pal02,58.1,0.0,58.1,0.0,2002-01-01,2002
Island,ons,20.23,2.2800000000000002,17.95,0.0,2002-10-07,2002
Island,pal03,35.98,35.98,0.0,0.0,2003-01-01,2003
Island,8ed,12.56,1.79,10.770000000000001,0.0,2003-07-28,2003
Island,mrd,5.45,1.1600000000000001,4.29,0.0,2003-10-02,2003
Island,prm,0.0,0.0,0.0,0.0,2003-12-31,2003
Island,pal04,2.92,2.92,0.0,0.0,2004-01-01,2004
Island,chk,9.14,2.38,6.76,0.0,2004-10-01,2004
Island,unh,46.330000000000005,6.38,39.95,0.0,2004-11-19,2004
Island,pal05,13.31,13.31,0.0,0.0,2005-01-01,2005
Island,pmps,86.92,0.0,86.92,0.0,2005-01-01,2005
Island,9ed,6.46,1.77,4.6899999999999995,0.0,2005-07-29,2005
Island,psal,0.0,0.0,0.0,0.0,2005-08-22,2005
Island,rav,3.1399999999999997,0.91,2.23,0.0,2005-10-07,2005
Island,pal06,0.09,0.09,0.0,0.0,2006-01-01,2006
Island,pmps06,16.46,0.0,16.46,0.0,2006-01-01,2006
Island,cst,1.02,1.02,0.0,0.0,2006-07-21,2006
Island,tsp,2.87,0.67,2.2,0.0,2006-10-06,2006
Island,pmps07,4.5,0.0,4.5,0.0,2007-01-01,2007
Island,10e,11.47,0.75,10.72,0.0,2007-07-13,2007
Island,me1,0.0,0.0,0.0,0.0,2007-09-10,2007
Island,lrw,19.42,3.5100000000000002,15.91,0.0,2007-10-12,2007
Island,pmps08,3.64,0.0,3.64,0.0,2008-01-01,2008
Island,shm,7.15,0.89,6.26,0.0,2008-05-02,2008
Island,ala,6.529999999999999,0.9,5.63,0.0,2008-10-03,2008
Island,dd2,0.78,0.78,0.0,0.0,2008-11-07,2008
Island,pmps09,5.09,1.09,4.0,0.0,2009-01-01,2009
Island,m10,6.99,0.56,6.43,0.0,2009-07-17,2009
Island,hop,2.24,2.24,0.0,0.0,2009-09-04,2009
Island,me3,0.0,0.0,0.0,0.0,2009-09-07,2009
Island,zen,42.370000000000005,3.5,38.870000000000005,0.0,2009-10-02,2009
Island,h09,0.37,0.0,0.37,0.0,2009-11-20,2009
Island,pmps10,5.8,2.25,3.55,0.0,2010-01-01,2010
Island,dde,0.67,0.67,0.0,0.0,2010-03-19,2010
Island,roe,6.57,1.17,5.4,0.0,2010-04-23,2010
Island,dpa,0.77,0.77,0.0,0.0,2010-06-04,2010
Island,arc,1.56,1.56,0.0,0.0,2010-06-18,2010
Island,m11,3.8000000000000003,0.44,3.3600000000000003,0.0,2010-07-16,2010
Island,ddf,0.61,0.61,0.0,0.0,2010-09-03,2010
Island,som,6.8100000000000005,0.62,6.19,0.0,2010-10-01,2010
Island,td0,0.0,0.0,0.0,0.0,2010-11-08,2010
Island,pmps11,5.85,2.85,3.0,0.0,2011-01-01,2011
Island,ps11,0.0,0.0,0.0,0.0,2011-01-01,2011
Island,mbs,2.54,0.2,2.34,0.0,2011-02-04,2011
Island,nph,9.1,0.6,8.5,0.0,2011-05-13,2011
Island,td2,0.0,0.0,0.0,0.0,2011-05-14,2011
Island,cmd,0.6000000000000001,0.6000000000000001,0.0,0.0,2011-06-17,2011
Island,m12,1.57,0.35,1.22,0.0,2011-07-15,2011
Island,ddh,0.12,0.12,0.0,0.0,2011-09-02,2011
Island,isd,5.8,0.81,4.99,0.0,2011-09-30,2011
Island,ddi,0.33999999999999997,0.33999999999999997,0.0,0.0,2012-03-30,2012
Island,avr,2.4400000000000004,0.44,2.0,0.0,2012-05-04,2012
Island,pc2,0.47,0.47,0.0,0.0,2012-06-01,2012
Island,m13,2.2,0.37,1.83,0.0,2012-07-13,2012
Island,ddj,0.76,0.76,0.0,0.0,2012-09-07,2012
Island,rtr,3.28,0.48,2.8,0.0,2012-10-05,2012
Island,m14,1.4300000000000002,0.4,1.03,0.0,2013-07-19,2013
Island,ths,4.609999999999999,0.39,4.22,0.0,2013-09-27,2013
Island,c13,0.36,0.36,0.0,0.0,2013-11-01,2013
Island,j14,116.72,0.0,116.72,0.0,2014-01-01,2014
Island,ddm,0.47000000000000003,0.47000000000000003,0.0,0.0,2014-03-14,2014
Island,m15,2.33,0.31,2.02,0.0,2014-07-18,2014
Island,ddn,0.49,0.49,0.0,0.0,2014-09-05,2014
Island,ktk,3.24,0.47,2.77,0.0,2014-09-26,2014
Island,c14,0.34,0.34,0.0,0.0,2014-11-07,2014
Island,jvc,0.76,0.76,0.0,0.0,2014-12-05,2014
Island,frf,1.8599999999999999,0.16,1.7,0.0,2015-01-23,2015
Island,ddo,0.47,0.47,0.0,0.0,2015-02-27,2015
Island,dtk,3.8400000000000003,0.43000000000000005,3.41,0.0,2015-03-27,2015
Island,tpr,0.0,0.0,0.0,0.0,2015-05-06,2015
Island,ori,2.5100000000000002,0.29000000000000004,2.2199999999999998,0.0,2015-07-17,2015
Island,bfz,6.65,1.66,4.99,0.0,2015-10-02,2015
Island,c15,0.38,0.38,0.0,0.0,2015-11-13,2015
Island,ddq,0.8600000000000001,0.8600000000000001,0.0,0.0,2016-02-26,2016
Island,soi,1.84,0.21000000000000002,1.63,0.0,2016-04-08,2016
Island,kld,1.78,0.33,1.4500000000000002,0.0,2016-09-30,2016
Island,c16,0.43000000000000005,0.43000000000000005,0.0,0.0,2016-11-11,2016
Island,pca,0.8,0.8,0.0,0.0,2016-11-25,2016
Island,dds,0.45,0.45,0.0,0.0,2017-03-31,2017
Island,akh,4.91,0.44,4.47,0.0,2017-04-28,2017
Island,cma,1.02,1.02,0.0,0.0,2017-06-09,2017
Island,e01,0.38,0.38,0.0,0.0,2017-06-16,2017
Island,hou,3.31,0.43,2.88,0.0,2017-07-14,2017
Island,c17,0.5900000000000001,0.5900000000000001,0.0,0.0,2017-08-25,2017
Island,pss2,0.55,0.0,0.55,0.0,2017-09-29,2017
Island,xln,4.19,0.63,3.56,0.0,2017-09-29,2017
Island,g17,0.58,0.0,0.58,0.0,2017-10-20,2017
Island,ddt,0.65,0.65,0.0,0.0,2017-10-24,2017
Island,ust,49.97,3.73,46.24,0.0,2017-12-08,2017
Island,rix,2.03,0.64,1.39,0.0,2018-01-19,2018
Island,ddu,0.25,0.25,0.0,0.0,2018-04-06,2018
Island,dom,2.22,0.41,1.81,0.0,2018-04-27,2018
Island,bbd,1.12,0.93,0.19,0.0,2018-06-08,2018
Island,cm2,2.54,2.54,0.0,0.0,2018-06-08,2018
Island,pgpx,2.27,0.0,2.27,0.0,2018-06-14,2018
Island,gs1,0.67,0.67,0.0,0.0,2018-06-22,2018
Island,m19,2.2,0.34,1.86,0.0,2018-07-13,2018
Island,pss3,0.65,0.0,0.65,0.0,2018-07-13,2018
Island,ana,0.0,0.0,0.0,0.0,2018-07-14,2018
Island,pana,0.0,0.0,0.0,0.0,2018-07-14,2018
Island,c18,0.3,0.3,0.0,0.0,2018-08-09,2018
Island,grn,1.03,0.55,0.48,0.0,2018-10-05,2018
Island,gk1,0.86,0.86,0.0,0.0,2018-11-02,2018
Island,prwk,3.01,0.0,3.01,0.0,2018-11-09,2018
Island,gnt,0.42000000000000004,0.42000000000000004,0.0,0.0,2018-11-16,2018
Island,pz2,0.0,0.0,0.0,0.0,2018-12-06,2018
Island,pf19,0.43,0.0,0.43,0.0,2019-01-01,2019
Island,rna,2.5700000000000003,0.37,2.2,0.0,2019-01-25,2019
Island,gk2,0.8500000000000001,0.8500000000000001,0.0,0.0,2019-02-15,2019
Island,prw2,4.880000000000001,0.0,4.880000000000001,0.0,2019-02-16,2019
Island,war,1.56,0.28,1.28,0.0,2019-05-03,2019
Island,m20,1.5499999999999998,0.58,0.97,0.0,2019-07-12,2019
Island,ppp1,1.2,0.51,0.69,0.0,2019-07-12,2019
Island,c19,0.36,0.36,0.0,0.0,2019-08-23,2019
Island,eld,1.26,0.41000000000000003,0.85,0.0,2019-10-04,2019
Island,gn2,0.79,0.79,0.0,0.0,2019-11-15,2019
Island,pf20,0.33,0.0,0.33,0.0,2020-01-01,2020
Island,thb,6.62,2.92,3.7,0.0,2020-01-24,2020
Island,und,4.04,1.73,2.31,0.0,2020-02-29,2020
Island,iko,0.66,0.23,0.43000000000000005,0.0,2020-04-24,2020
Island,m21,2.8400000000000003,1.0899999999999999,1.75,0.0,2020-07-03,2020
Island,jmp,1.23,1.23,0.0,0.0,2020-07-17,2020
Island,sld,384.95,167.56,204.34,13.05,2020-07-31,2020
Island,2xm,5.489999999999999,1.7799999999999998,3.71,0.0,2020-08-07,2020
Island,akr,0.0,0.0,0.0,0.0,2020-08-13,2020
Island,anb,0.0,0.0,0.0,0.0,2020-08-13,2020
Island,znr,2.92,0.9299999999999999,1.99,0.0,2020-09-25,2020
Island,plst,0.72,0.59,0.13,0.0,2020-09-26,2020
Island,klr,0.0,0.0,0.0,0.0,2020-11-12,2020
Island,cmr,0.19,0.19,0.0,0.0,2020-11-20,2020
Island,khm,1.1,0.51,0.59,0.0,2021-02-05,2021
Island,stx,0.42000000000000004,0.18,0.24,0.0,2021-04-23,2021
Island,mh2,0.8800000000000001,0.14,0.24,0.5,2021-06-18,2021
Island,afr,0.8300000000000001,0.35,0.48000000000000004,0.0,2021-07-23,2021
Island,mid,2.1100000000000003,0.6,1.51,0.0,2021-09-24,2021
Island,vow,14.21,0.57,1.4,12.24,2021-11-19,2021
Island,neo,11.2,4.4799999999999995,6.72,0.0,2022-02-18,2022
Island,snc,1.87,0.7,1.17,0.0,2022-04-29,2022
Island,clb,0.65,0.33999999999999997,0.31,0.0,2022-06-10,2022
Island,hbg,0.0,0.0,0.0,0.0,2022-07-07,2022
Island,dmu,3.3299999999999996,1.39,1.94,0.0,2022-09-09,2022
Island,40k,0.75,0.24,0.51,0.0,2022-10-07,2022
Island,unf,16.990000000000002,2.6900000000000004,14.3,0.0,2022-10-07,2022
Island,gn3,0.43000000000000005,0.43000000000000005,0.0,0.0,2022-10-14,2022
Island,brc,0.22,0.22,0.0,0.0,2022-11-18,2022
Island,bro,2.52,1.17,1.35,0.0,2022-11-18,2022
Island,j22,0.19,0.19,0.0,0.0,2022-12-02,2022
Island,scd,0.25,0.25,0.0,0.0,2022-12-02,2022
Island,p23,41.7,0.0,41.7,0.0,2023-01-01,2023
Island,dmr,3.18,0.8500000000000001,2.33,0.0,2023-01-13,2023
Island,one,7.41,1.0,6.41,0.0,2023-02-03,2023
Island,sir,0.0,0.0,0.0,0.0,2023-03-21,2023
Island,mom,1.2,0.44,0.76,0.0,2023-04-21,2023
Island,ltr,3.8899999999999997,0.89,3.0,0.0,2023-06-23,2023
Island,cmm,2.5300000000000002,1.1400000000000001,1.3900000000000001,0.0,2023-08-04,2023
Island,woe,1.4,0.45,0.95,0.0,2023-09-08,2023
Island,who,4.43,0.21000000000000002,4.220000000000001,0.0,2023-10-13,2023
Island,lci,1.44,0.65,0.79,0.0,2023-11-17,2023
Island,mkm,0.8400000000000001,0.35,0.49000000000000005,0.0,2024-02-09,2024
Island,pss4,0.0,0.0,0.0,0.0,2024-02-10,2024
Island,clu,0.46,0.46,0.0,0.0,2024-02-23,2024
Island,pip,9.94,0.27,9.67,0.0,2024-03-08,2024
Island,otj,0.79,0.33999999999999997,0.44999999999999996,0.0,2024-04-19,2024
Island,mh3,1.27,0.24,1.03,0.0,2024-06-14,2024
Island,acr,2.8200000000000003,0.76,2.06,0.0,2024-07-05,2024
Island,blb,3.89,1.1500000000000001,2.74,0.0,2024-08-02,2024
Island,dsk,2.1599999999999997,0.9099999999999999,1.25,0.0,2024-09-27,2024
Swamp,lea,119.14,119.14,0.0,0.0,1993-08-05,1993
Swamp,leb,92.23,92.23,0.0,0.0,1993-10-04,1993
Swamp,2ed,8.74,8.74,0.0,0.0,1993-12-01,1993
Swamp,3ed,1.77,1.77,0.0,0.0,1994-04-11,1994
Swamp,fbb,12.96,12.96,0.0,0.0,1994-04-11,1994
Swamp,sum,1.25,1.25,0.0,0.0,1994-06-21,1994
Swamp,4bb,8.91,8.91,0.0,0.0,1995-04-01,1995
Swamp,4ed,1.88,1.88,0.0,0.0,1995-04-01,1995
Swamp,ice,1.63,1.63,0.0,0.0,1995-06-03,1995
Swamp,rqs,0.0,0.0,0.0,0.0,1996-07-01,1996
Swamp,parl,15.91,15.91,0.0,0.0,1996-08-02,1996
Swamp,mir,4.99,4.99,0.0,0.0,1996-10-08,1996
Swamp,itp,0.0,0.0,0.0,0.0,1996-12-31,1996
Swamp,5ed,1.79,1.79,0.0,0.0,1997-03-24,1997
Swamp,por,8.21,8.21,0.0,0.0,1997-05-01,1997
Swamp,tmp,1.92,1.92,0.0,0.0,1997-10-14,1997
Swamp,p02,6.32,6.32,0.0,0.0,1998-06-24,1998
Swamp,ugl,7.92,7.92,0.0,0.0,1998-08-11,1998
Swamp,palp,78.82,78.82,0.0,0.0,1998-09-01,1998
Swamp,usg,1.87,1.87,0.0,0.0,1998-10-12,1998
Swamp,ath,0.8,0.8,0.0,0.0,1998-11-01,1998
Swamp,pal99,23.17,0.0,23.17,0.0,1999-01-01,1999
Swamp,6ed,2.14,2.14,0.0,0.0,1999-04-21,1999
Swamp,ptk,11.85,11.85,0.0,0.0,1999-05-01,1999
Swamp,s99,1.47,1.47,0.0,0.0,1999-07-01,1999
Swamp,pgru,989.95,989.95,0.0,0.0,1999-07-12,1999
Swamp,mmq,15.48,1.73,13.75,0.0,1999-10-04,1999
Swamp,brb,2.75,2.75,0.0,0.0,1999-11-12,1999
Swamp,pal00,9.08,0.0,9.08,0.0,2000-01-01,2000
Swamp,pelp,63.260000000000005,63.260000000000005,0.0,0.0,2000-02-05,2000
Swamp,btd,1.27,1.27,0.0,0.0,2000-10-01,2000
Swamp,inv,17.35,2.15,15.2,0.0,2000-10-02,2000
Swamp,pal01,22.55,0.0,22.55,0.0,2001-01-01,2001
Swamp,7ed,57.260000000000005,2.67,54.589999999999996,0.0,2001-04-11,2001
Swamp,ody,18.11,2.55,15.559999999999999,0.0,2001-10-01,2001
Swamp,dkm,0.89,0.89,0.0,0.0,2001-12-01,2001
Swamp,ons,20.86,4.11,16.75,0.0,2002-10-07,2002
Swamp,pal03,24.74,24.74,0.0,0.0,2003-01-01,2003
Swamp,8ed,12.18,2.31,9.87,0.0,2003-07-28,2003
Swamp,mrd,5.02,0.99,4.029999999999999,0.0,2003-10-02,2003
Swamp,prm,0.0,0.0,0.0,0.0,2003-12-31,2003
Swamp,pal04,5.01,5.01,0.0,0.0,2004-01-01,2004
Swamp,chk,5.67,1.94,3.73,0.0,2004-10-01,2004
Swamp,unh,41.45,7.86,33.59,0.0,2004-11-19,2004
Swamp,pal05,4.37,4.37,0.0,0.0,2005-01-01,2005
Swamp,pmps,70.76,0.0,70.76,0.0,2005-01-01,2005
Swamp,9ed,8.649999999999999,1.93,6.72,0.0,2005-07-29,2005
Swamp,psal,0.0,0.0,0.0,0.0,2005-08-22,2005
Swamp,rav,3.22,1.22,2.0,0.0,2005-10-07,2005
Swamp,pal06,2.17,2.17,0.0,0.0,2006-01-01,2006
Swamp,phuk,0.0,0.0,0.0,0.0,2006-01-01,2006
Swamp,pmps06,16.47,0.0,16.47,0.0,2006-01-01,2006
Swamp,cst,0.6,0.6,0.0,0.0,2006-07-21,2006
Swamp,tsp,3.21,0.8200000000000001,2.39,0.0,2006-10-06,2006
Swamp,pmps07,15.52,2.54,12.98,0.0,2007-01-01,2007
Swamp,10e,3.7600000000000002,1.69,2.0700000000000003,0.0,2007-07-13,2007
Swamp,me1,0.0,0.0,0.0,0.0,2007-09-10,2007
Swamp,lrw,25.07,3.19,21.88,0.0,2007-10-12,2007
Swamp,pmps08,8.85,2.26,6.59,0.0,2008-01-01,2008
Swamp,shm,8.34,1.1300000000000001,7.21,0.0,2008-05-02,2008
Swamp,ala,9.5,1.19,8.31,0.0,2008-10-03,2008
Swamp,pmps09,4.71,1.97,2.74,0.0,2009-01-01,2009
Swamp,ddc,1.5199999999999998,1.5199999999999998,0.0,0.0,2009-04-10,2009
Swamp,m10,6.199999999999999,0.5,5.7,0.0,2009-07-17,2009
Swamp,hop,1.09,1.09,0.0,0.0,2009-09-04,2009
Swamp,me3,0.0,0.0,0.0,0.0,2009-09-07,2009
Swamp,zen,27.36,2.69,24.67,0.0,2009-10-02,2009
Swamp,ddd,0.73,0.73,0.0,0.0,2009-10-30,2009
Swamp,h09,0.42,0.0,0.42,0.0,2009-11-20,2009
Swamp,pmps10,9.49,1.71,7.78,0.0,2010-01-01,2010
Swamp,dde,1.37,1.37,0.0,0.0,2010-03-19,2010
Swamp,roe,15.280000000000001,1.1600000000000001,14.120000000000001,0.0,2010-04-23,2010
Swamp,dpa,1.1400000000000001,1.1400000000000001,0.0,0.0,2010-06-04,2010
Swamp,arc,1.8699999999999999,1.8699999999999999,0.0,0.0,2010-06-18,2010
Swamp,m11,3.92,0.46,3.46,0.0,2010-07-16,2010
Swamp,som,7.07,0.71,6.359999999999999,0.0,2010-10-01,2010
Swamp,td0,0.0,0.0,0.0,0.0,2010-11-08,2010
Swamp,pmps11,3.46,1.12,2.34,0.0,2011-01-01,2011
Swamp,ps11,14.99,14.99,0.0,0.0,2011-01-01,2011
Swamp,mbs,5.38,0.36,5.02,0.0,2011-02-04,2011
Swamp,nph,16.41,0.61,15.8,0.0,2011-05-13,2011
Swamp,td2,0.0,0.0,0.0,0.0,2011-05-14,2011
Swamp,cmd,0.66,0.66,0.0,0.0,2011-06-17,2011
Swamp,m12,2.26,0.44,1.82,0.0,2011-07-15,2011
Swamp,ddh,0.31,0.31,0.0,0.0,2011-09-02,2011
Swamp,isd,5.78,0.86,4.92,0.0,2011-09-30,2011
Swamp,pd3,0.88,0.0,0.88,0.0,2011-11-18,2011
Swamp,avr,4.800000000000001,0.43,4.37,0.0,2012-05-04,2012
Swamp,pc2,0.66,0.66,0.0,0.0,2012-06-01,2012
Swamp,m13,2.7,0.53,2.17,0.0,2012-07-13,2012
Swamp,ddj,0.47,0.47,0.0,0.0,2012-09-07,2012
Swamp,rtr,2.71,0.64,2.07,0.0,2012-10-05,2012
Swamp,ddk,0.87,0.87,0.0,0.0,2013-03-15,2013
Swamp,m14,2.57,0.27,2.3,0.0,2013-07-19,2013
Swamp,ths,2.63,0.30000000000000004,2.33,0.0,2013-09-27,2013
Swamp,c13,0.55,0.55,0.0,0.0,2013-11-01,2013
Swamp,j14,57.25,0.0,57.25,0.0,2014-01-01,2014
Swamp,ddm,0.67,0.67,0.0,0.0,2014-03-14,2014
Swamp,md1,0.77,0.77,0.0,0.0,2014-05-30,2014
Swamp,m15,2.25,0.41000000000000003,1.84,0.0,2014-07-18,2014
Swamp,ddn,0.45,0.45,0.0,0.0,2014-09-05,2014
Swamp,ktk,1.68,0.36,1.32,0.0,2014-09-26,2014
Swamp,c14,0.5,0.5,0.0,0.0,2014-11-07,2014
Swamp,dvd,0.69,0.69,0.0,0.0,2014-12-05,2014
Swamp,gvl,1.81,1.81,0.0,0.0,2014-12-05,2014
Swamp,frf,1.19,0.12,1.07,0.0,2015-01-23,2015
Swamp,dtk,1.87,0.33,1.54,0.0,2015-03-27,2015
Swamp,tpr,0.0,0.0,0.0,0.0,2015-05-06,2015
Swamp,ori,3.0599999999999996,0.43,2.63,0.0,2015-07-17,2015
Swamp,ddp,0.39,0.39,0.0,0.0,2015-08-28,2015
Swamp,bfz,7.6,1.84,5.76,0.0,2015-10-02,2015
Swamp,c15,0.8200000000000001,0.8200000000000001,0.0,0.0,2015-11-13,2015
Swamp,ddq,0.41000000000000003,0.41000000000000003,0.0,0.0,2016-02-26,2016
Swamp,soi,1.7,0.28,1.42,0.0,2016-04-08,2016
Swamp,ddr,0.51,0.51,0.0,0.0,2016-09-02,2016
Swamp,kld,1.62,0.24,1.38,0.0,2016-09-30,2016
Swamp,c16,0.8,0.8,0.0,0.0,2016-11-11,2016
Swamp,pca,1.41,1.41,0.0,0.0,2016-11-25,2016
Swamp,akh,3.8800000000000003,0.6,3.2800000000000002,0.0,2017-04-28,2017
Swamp,cma,1.94,1.94,0.0,0.0,2017-06-09,2017
Swamp,e01,0.49,0.49,0.0,0.0,2017-06-16,2017
Swamp,hou,4.08,0.53,3.55,0.0,2017-07-14,2017
Swamp,c17,0.9199999999999999,0.9199999999999999,0.0,0.0,2017-08-25,2017
Swamp,pss2,1.34,0.0,1.34,0.0,2017-09-29,2017
Swamp,xln,2.6999999999999997,0.45,2.25,0.0,2017-09-29,2017
Swamp,g17,0.77,0.0,0.77,0.0,2017-10-20,2017
Swamp,ust,45.11,5.38,39.73,0.0,2017-12-08,2017
Swamp,rix,1.55,0.53,1.02,0.0,2018-01-19,2018
Swamp,dom,2.05,0.44,1.6099999999999999,0.0,2018-04-27,2018
Swamp,bbd,1.63,0.6,1.03,0.0,2018-06-08,2018
Swamp,cm2,4.05,4.05,0.0,0.0,2018-06-08,2018
Swamp,pgpx,3.31,0.0,3.31,0.0,2018-06-14,2018
Swamp,m19,0.91,0.29000000000000004,0.62,0.0,2018-07-13,2018
Swamp,pss3,0.55,0.0,0.55,0.0,2018-07-13,2018
Swamp,ana,0.0,0.0,0.0,0.0,2018-07-14,2018
Swamp,pana,0.0,0.0,0.0,0.0,2018-07-14,2018
Swamp,c18,0.6,0.6,0.0,0.0,2018-08-09,2018
Swamp,grn,1.01,0.52,0.49,0.0,2018-10-05,2018
Swamp,gk1,0.76,0.76,0.0,0.0,2018-11-02,2018
Swamp,prwk,1.5899999999999999,0.0,1.5899999999999999,0.0,2018-11-09,2018
Swamp,gnt,0.43999999999999995,0.43999999999999995,0.0,0.0,2018-11-16,2018
Swamp,pf19,0.51,0.0,0.51,0.0,2019-01-01,2019
Swamp,rna,1.12,0.59,0.53,0.0,2019-01-25,2019
Swamp,gk2,1.7000000000000002,1.7000000000000002,0.0,0.0,2019-02-15,2019
Swamp,prw2,8.51,0.0,8.51,0.0,2019-02-16,2019
Swamp,war,2.2,0.22999999999999998,1.9700000000000002,0.0,2019-05-03,2019
Swamp,m20,2.79,0.71,2.08,0.0,2019-07-12,2019
Swamp,ppp1,1.6600000000000001,0.55,1.11,0.0,2019-07-12,2019
Swamp,c19,0.21000000000000002,0.21000000000000002,0.0,0.0,2019-08-23,2019
Swamp,eld,1.46,0.56,0.9,0.0,2019-10-04,2019
Swamp,gn2,1.75,1.75,0.0,0.0,2019-11-15,2019
Swamp,pf20,0.51,0.0,0.51,0.0,2020-01-01,2020
Swamp,thb,4.67,1.5,3.17,0.0,2020-01-24,2020
Swamp,und,8.110000000000001,3.17,4.94,0.0,2020-02-29,2020
Swamp,iko,2.83,1.48,1.35,0.0,2020-04-24,2020
Swamp,m21,3.36,1.3,2.06,0.0,2020-07-03,2020
Swamp,jmp,2.94,2.94,0.0,0.0,2020-07-17,2020
Swamp,sld,442.41,194.12,230.0,18.29,2020-07-31,2020
Swamp,2xm,7.07,3.15,3.92,0.0,2020-08-07,2020
Swamp,akr,0.0,0.0,0.0,0.0,2020-08-13,2020
Swamp,anb,0.0,0.0,0.0,0.0,2020-08-13,2020
Swamp,znr,2.6700000000000004,1.37,1.3,0.0,2020-09-25,2020
Swamp,plst,0.2,0.2,0.0,0.0,2020-09-26,2020
Swamp,klr,0.0,0.0,0.0,0.0,2020-11-12,2020
Swamp,khm,1.7399999999999998,1.13,0.61,0.0,2021-02-05,2021
Swamp,stx,0.45999999999999996,0.2,0.26,0.0,2021-04-23,2021
Swamp,mh2,0.98,0.16,0.21000000000000002,0.61,2021-06-18,2021
Swamp,afr,1.04,0.42000000000000004,0.62,0.0,2021-07-23,2021
Swamp,mid,3.8,1.19,2.61,0.0,2021-09-24,2021
Swamp,vow,24.0,1.03,2.46,20.51,2021-11-19,2021
Swamp,neo,16.38,7.25,9.129999999999999,0.0,2022-02-18,2022
Swamp,snc,2.6599999999999997,1.04,1.6199999999999999,0.0,2022-04-29,2022
Swamp,clb,0.74,0.37,0.37,0.0,2022-06-10,2022
Swamp,hbg,0.0,0.0,0.0,0.0,2022-07-07,2022
Swamp,dmu,3.5600000000000005,1.46,2.1,0.0,2022-09-09,2022
Swamp,40k,1.85,0.52,1.33,0.0,2022-10-07,2022
Swamp,unf,20.39,3.39,17.0,0.0,2022-10-07,2022
Swamp,gn3,0.25,0.25,0.0,0.0,2022-10-14,2022
Swamp,brc,0.24,0.24,0.0,0.0,2022-11-18,2022
Swamp,bro,1.71,0.76,0.95,0.0,2022-11-18,2022
Swamp,j22,0.19,0.19,0.0,0.0,2022-12-02,2022
Swamp,scd,0.33,0.33,0.0,0.0,2022-12-02,2022
Swamp,p23,34.95,0.0,34.95,0.0,2023-01-01,2023
Swamp,dmr,1.79,0.39,1.4,0.0,2023-01-13,2023
Swamp,one,16.44,2.34,14.1,0.0,2023-02-03,2023
Swamp,sir,0.0,0.0,0.0,0.0,2023-03-21,2023
Swamp,mom,3.18,1.26,1.9200000000000002,0.0,2023-04-21,2023
Swamp,ltr,4.82,1.07,3.75,0.0,2023-06-23,2023
Swamp,cmm,5.84,2.35,3.49,0.0,2023-08-04,2023
Swamp,woe,2.0,0.82,1.1800000000000002,0.0,2023-09-08,2023
Swamp,who,1.67,0.38,1.29,0.0,2023-10-13,2023
Swamp,lci,1.03,0.48,0.55,0.0,2023-11-17,2023
Swamp,mkm,1.19,0.47,0.72,0.0,2024-02-09,2024
Swamp,pss4,0.0,0.0,0.0,0.0,2024-02-10,2024
Swamp,clu,0.51,0.51,0.0,0.0,2024-02-23,2024
Swamp,pip,12.600000000000001,0.45,12.15,0.0,2024-03-08,2024
Swamp,otj,0.8700000000000001,0.45,0.42000000000000004,0.0,2024-04-19,2024
Swamp,mh3,1.6099999999999999,0.24,1.3699999999999999,0.0,2024-06-14,2024
Swamp,acr,1.79,0.76,1.03,0.0,2024-07-05,2024
Swamp,blb,5.36,1.6600000000000001,3.6999999999999997,0.0,2024-08-02,2024
Swamp,dsk,2.67,1.0699999999999998,1.6,0.0,2024-09-27,2024
Swamp,fdn,0.0,0.0,0.0,0.0,2024-11-15,2024
Mountain,lea,107.71000000000001,107.71000000000001,0.0,0.0,1993-08-05,1993
Mountain,leb,60.71,60.71,0.0,0.0,1993-10-04,1993
Mountain,2ed,6.779999999999999,6.779999999999999,0.0,0.0,1993-12-01,1993
Mountain,arn,261.42,261.42,0.0,0.0,1993-12-17,1993
Mountain,3ed,1.24,1.24,0.0,0.0,1994-04-11,1994
Mountain,fbb,9.65,9.65,0.0,0.0,1994-04-11,1994
Mountain,sum,0.0,0.0,0.0,0.0,1994-06-21,1994
Mountain,4bb,10.08,10.08,0.0,0.0,1995-04-01,1995
Mountain,4ed,1.96,1.96,0.0,0.0,1995-04-01,1995
Mountain,ice,2.19,2.19,0.0,0.0,1995-06-03,1995
Mountain,rqs,0.0,0.0,0.0,0.0,1996-07-01,1996
Mountain,parl,9.04,9.04,0.0,0.0,1996-08-02,1996
Mountain,mir,3.3100000000000005,3.3100000000000005,0.0,0.0,1996-10-08,1996
Mountain,itp,0.0,0.0,0.0,0.0,1996-12-31,1996
Mountain,5ed,2.34,2.34,0.0,0.0,1997-03-24,1997
Mountain,por,4.9,4.9,0.0,0.0,1997-05-01,1997
Mountain,tmp,2.54,2.54,0.0,0.0,1997-10-14,1997
Mountain,p02,6.43,6.43,0.0,0.0,1998-06-24,1998
Mountain,ugl,6.52,6.52,0.0,0.0,1998-08-11,1998
Mountain,palp,101.05000000000001,101.05000000000001,0.0,0.0,1998-09-01,1998
Mountain,usg,2.66,2.66,0.0,0.0,1998-10-12,1998
Mountain,ath,1.58,1.58,0.0,0.0,1998-11-01,1998
Mountain,pal99,28.16,0.0,28.16,0.0,1999-01-01,1999
Mountain,6ed,1.89,1.89,0.0,0.0,1999-04-21,1999
Mountain,ptk,44.15,44.15,0.0,0.0,1999-05-01,1999
Mountain,s99,1.57,1.57,0.0,0.0,1999-07-01,1999
Mountain,pgru,499.48,499.48,0.0,0.0,1999-07-12,1999
Mountain,mmq,15.9,2.15,13.75,0.0,1999-10-04,1999
Mountain,brb,12.07,12.07,0.0,0.0,1999-11-12,1999
Mountain,pal00,10.96,0.0,10.96,0.0,2000-01-01,2000
Mountain,pelp,45.97,45.97,0.0,0.0,2000-02-05,2000
Mountain,btd,1.72,1.72,0.0,0.0,2000-10-01,2000
Mountain,inv,14.899999999999999,1.5899999999999999,13.309999999999999,0.0,2000-10-02,2000
Mountain,pal01,12.69,0.0,12.69,0.0,2001-01-01,2001
Mountain,7ed,46.89,1.19,45.7,0.0,2001-04-11,2001
Mountain,ody,26.72,3.77,22.95,0.0,2001-10-01,2001
Mountain,dkm,1.6199999999999999,1.6199999999999999,0.0,0.0,2001-12-01,2001
Mountain,ons,13.96,2.62,11.34,0.0,2002-10-07,2002
Mountain,pal03,18.17,18.17,0.0,0.0,2003-01-01,2003
Mountain,8ed,9.14,2.27,6.87,0.0,2003-07-28,2003
Mountain,mrd,3.1999999999999997,1.1400000000000001,2.06,0.0,2003-10-02,2003
Mountain,prm,0.0,0.0,0.0,0.0,2003-12-31,2003
Mountain,pal04,2.35,2.35,0.0,0.0,2004-01-01,2004
Mountain,chk,9.190000000000001,1.75,7.44,0.0,2004-10-01,2004
Mountain,unh,25.9,6.42,19.48,0.0,2004-11-19,2004
Mountain,pal05,12.42,12.42,0.0,0.0,2005-01-01,2005
Mountain,pmps,61.8,0.0,61.8,0.0,2005-01-01,2005
Mountain,9ed,6.26,1.82,4.4399999999999995,0.0,2005-07-29,2005
Mountain,psal,0.0,0.0,0.0,0.0,2005-08-22,2005
Mountain,rav,2.89,1.16,1.73,0.0,2005-10-07,2005
Mountain,pal06,1.94,1.94,0.0,0.0,2006-01-01,2006
Mountain,pmps06,18.65,0.0,18.65,0.0,2006-01-01,2006
Mountain,cst,1.5,1.5,0.0,0.0,2006-07-21,2006
Mountain,tsp,2.91,0.79,2.12,0.0,2006-10-06,2006
Mountain,pmps07,5.7,2.02,3.68,0.0,2007-01-01,2007
Mountain,10e,2.9800000000000004,1.1099999999999999,1.87,0.0,2007-07-13,2007
Mountain,me1,0.0,0.0,0.0,0.0,2007-09-10,2007
Mountain,lrw,4.75,1.7,3.05,0.0,2007-10-12,2007
Mountain,dd1,2.14,2.14,0.0,0.0,2007-11-16,2007
Mountain,pmps08,9.68,4.68,5.0,0.0,2008-01-01,2008
Mountain,shm,2.74,0.8500000000000001,1.89,0.0,2008-05-02,2008
Mountain,ala,9.290000000000001,1.29,8.0,0.0,2008-10-03,2008
Mountain,dd2,0.79,0.79,0.0,0.0,2008-11-07,2008
Mountain,pmps09,3.2800000000000002,1.04,2.24,0.0,2009-01-01,2009
Mountain,m10,4.34,0.41000000000000003,3.9299999999999997,0.0,2009-07-17,2009
Mountain,hop,4.72,4.72,0.0,0.0,2009-09-04,2009
Mountain,me3,0.0,0.0,0.0,0.0,2009-09-07,2009
Mountain,zen,26.299999999999997,2.67,23.63,0.0,2009-10-02,2009
Mountain,h09,0.27,0.0,0.27,0.0,2009-11-20,2009
Mountain,pmps10,3.66,1.37,2.29,0.0,2010-01-01,2010
Mountain,dde,0.2,0.2,0.0,0.0,2010-03-19,2010
Mountain,roe,7.959999999999999,1.09,6.869999999999999,0.0,2010-04-23,2010
Mountain,dpa,0.2,0.2,0.0,0.0,2010-06-04,2010
Mountain,arc,1.01,1.01,0.0,0.0,2010-06-18,2010
Mountain,m11,3.17,0.41000000000000003,2.76,0.0,2010-07-16,2010
Mountain,som,6.31,0.64,5.67,0.0,2010-10-01,2010
Mountain,td0,0.0,0.0,0.0,0.0,2010-11-08,2010
Mountain,pd2,0.95,0.0,0.95,0.0,2010-11-19,2010
Mountain,pmps11,5.449999999999999,2.26,3.19,0.0,2011-01-01,2011
Mountain,ps11,0.0,0.0,0.0,0.0,2011-01-01,2011
Mountain,mbs,3.5900000000000003,0.31000000000000005,3.2800000000000002,0.0,2011-02-04,2011
Mountain,ddg,1.25,1.25,0.0,0.0,2011-04-01,2011
Mountain,nph,15.89,0.6499999999999999,15.24,0.0,2011-05-13,2011
Mountain,cmd,0.5800000000000001,0.5800000000000001,0.0,0.0,2011-06-17,2011
Mountain,m12,3.6,0.42,3.18,0.0,2011-07-15,2011
Mountain,ddh,1.3099999999999998,1.3099999999999998,0.0,0.0,2011-09-02,2011
Mountain,isd,3.88,0.64,3.2399999999999998,0.0,2011-09-30,2011
Mountain,ddi,0.5,0.5,0.0,0.0,2012-03-30,2012
Mountain,avr,2.5999999999999996,0.45999999999999996,2.14,0.0,2012-05-04,2012
Mountain,pc2,0.67,0.67,0.0,0.0,2012-06-01,2012
Mountain,m13,2.29,0.49,1.8,0.0,2012-07-13,2012
Mountain,ddj,0.78,0.78,0.0,0.0,2012-09-07,2012
Mountain,rtr,2.46,0.67,1.79,0.0,2012-10-05,2012
Mountain,ddk,0.32999999999999996,0.32999999999999996,0.0,0.0,2013-03-15,2013
Mountain,m14,2.4,0.33,2.07,0.0,2013-07-19,2013
Mountain,ddl,0.7,0.7,0.0,0.0,2013-09-06,2013
Mountain,ths,1.7,0.33999999999999997,1.3599999999999999,0.0,2013-09-27,2013
Mountain,c13,0.51,0.51,0.0,0.0,2013-11-01,2013
Mountain,j14,50.18,0.0,50.18,0.0,2014-01-01,2014
Mountain,m15,2.34,0.35,1.99,0.0,2014-07-18,2014
Mountain,ddn,0.44,0.44,0.0,0.0,2014-09-05,2014
Mountain,ktk,3.01,0.51,2.5,0.0,2014-09-26,2014
Mountain,c14,0.39,0.39,0.0,0.0,2014-11-07,2014
Mountain,evg,1.35,1.35,0.0,0.0,2014-12-05,2014
Mountain,jvc,0.86,0.86,0.0,0.0,2014-12-05,2014
Mountain,frf,1.21,0.18,1.03,0.0,2015-01-23,2015
Mountain,dtk,3.05,0.32,2.73,0.0,2015-03-27,2015
Mountain,tpr,0.0,0.0,0.0,0.0,2015-05-06,2015
Mountain,ori,2.58,0.26,2.3200000000000003,0.0,2015-07-17,2015
Mountain,ddp,0.30000000000000004,0.30000000000000004,0.0,0.0,2015-08-28,2015
Mountain,bfz,7.04,1.75,5.29,0.0,2015-10-02,2015
Mountain,c15,0.5700000000000001,0.5700000000000001,0.0,0.0,2015-11-13,2015
Mountain,soi,1.54,0.23,1.31,0.0,2016-04-08,2016
Mountain,kld,1.36,0.24,1.12,0.0,2016-09-30,2016
Mountain,c16,0.56,0.56,0.0,0.0,2016-11-11,2016
Mountain,pca,1.6300000000000001,1.6300000000000001,0.0,0.0,2016-11-25,2016
Mountain,dds,0.9099999999999999,0.9099999999999999,0.0,0.0,2017-03-31,2017
Mountain,akh,3.2199999999999998,0.65,2.57,0.0,2017-04-28,2017
Mountain,cma,0.75,0.75,0.0,0.0,2017-06-09,2017
Mountain,e01,0.52,0.52,0.0,0.0,2017-06-16,2017
Mountain,hou,2.4,0.48,1.92,0.0,2017-07-14,2017
Mountain,c17,0.62,0.62,0.0,0.0,2017-08-25,2017
Mountain,pss2,0.66,0.0,0.66,0.0,2017-09-29,2017
Mountain,xln,2.5,0.55,1.95,0.0,2017-09-29,2017
Mountain,g17,0.46,0.0,0.46,0.0,2017-10-20,2017
Mountain,ddt,0.6000000000000001,0.6000000000000001,0.0,0.0,2017-10-24,2017
Mountain,ust,18.27,2.28,15.99,0.0,2017-12-08,2017
Mountain,rix,4.63,1.27,3.36,0.0,2018-01-19,2018
Mountain,ddu,0.29000000000000004,0.29000000000000004,0.0,0.0,2018-04-06,2018
Mountain,dom,2.15,0.45,1.7,0.0,2018-04-27,2018
Mountain,bbd,2.97,0.83,2.14,0.0,2018-06-08,2018
Mountain,cm2,0.84,0.84,0.0,0.0,2018-06-08,2018
Mountain,pgpx,1.58,0.0,1.58,0.0,2018-06-14,2018
Mountain,gs1,0.81,0.81,0.0,0.0,2018-06-22,2018
Mountain,m19,1.2000000000000002,0.35,0.85,0.0,2018-07-13,2018
Mountain,pss3,0.66,0.0,0.66,0.0,2018-07-13,2018
Mountain,ana,0.0,0.0,0.0,0.0,2018-07-14,2018
Mountain,pana,0.0,0.0,0.0,0.0,2018-07-14,2018
Mountain,c18,0.63,0.63,0.0,0.0,2018-08-09,2018
Mountain,grn,1.6400000000000001,0.79,0.85,0.0,2018-10-05,2018
Mountain,gk1,0.72,0.72,0.0,0.0,2018-11-02,2018
Mountain,prwk,5.67,0.0,5.67,0.0,2018-11-09,2018
Mountain,gnt,0.37,0.37,0.0,0.0,2018-11-16,2018
Mountain,pz2,0.0,0.0,0.0,0.0,2018-12-06,2018
Mountain,pf19,0.37,0.0,0.37,0.0,2019-01-01,2019
Mountain,rna,2.19,0.77,1.42,0.0,2019-01-25,2019
Mountain,gk2,1.17,1.17,0.0,0.0,2019-02-15,2019
Mountain,prw2,5.109999999999999,0.0,5.109999999999999,0.0,2019-02-16,2019
Mountain,war,1.19,0.21000000000000002,0.98,0.0,2019-05-03,2019
Mountain,m20,2.9299999999999997,1.61,1.32,0.0,2019-07-12,2019
Mountain,ppp1,1.83,0.8,1.03,0.0,2019-07-12,2019
Mountain,c19,0.23,0.23,0.0,0.0,2019-08-23,2019
Mountain,eld,1.23,0.53,0.7000000000000001,0.0,2019-10-04,2019
Mountain,gn2,1.28,1.28,0.0,0.0,2019-11-15,2019
Mountain,pf20,0.51,0.0,0.51,0.0,2020-01-01,2020
Mountain,thb,4.33,1.9900000000000002,2.34,0.0,2020-01-24,2020
Mountain,und,5.59,2.98,2.61,0.0,2020-02-29,2020
Mountain,iko,1.94,0.88,1.06,0.0,2020-04-24,2020
Mountain,m21,2.18,0.77,1.41,0.0,2020-07-03,2020
Mountain,jmp,1.92,1.92,0.0,0.0,2020-07-17,2020
Mountain,sld,426.58,170.09,245.28,11.21,2020-07-31,2020
Mountain,2xm,5.989999999999999,1.9899999999999998,4.0,0.0,2020-08-07,2020
Mountain,akr,0.0,0.0,0.0,0.0,2020-08-13,2020
Mountain,anb,0.0,0.0,0.0,0.0,2020-08-13,2020
Mountain,znr,3.21,1.26,1.95,0.0,2020-09-25,2020
Mountain,plst,5.02,4.81,0.21,0.0,2020-09-26,2020
Mountain,klr,0.0,0.0,0.0,0.0,2020-11-12,2020
Mountain,cmr,0.18,0.18,0.0,0.0,2020-11-20,2020
Mountain,khm,1.9300000000000002,1.12,0.81,0.0,2021-02-05,2021
Mountain,stx,0.30000000000000004,0.14,0.16,0.0,2021-04-23,2021
Mountain,mh2,0.9299999999999999,0.17,0.23,0.53,2021-06-18,2021
Mountain,afr,0.82,0.33,0.49,0.0,2021-07-23,2021
Mountain,mid,2.24,0.75,1.49,0.0,2021-09-24,2021
Mountain,vow,12.82,0.58,1.25,10.99,2021-11-19,2021
Mountain,neo,10.27,4.97,5.3,0.0,2022-02-18,2022
Mountain,snc,2.0,0.77,1.23,0.0,2022-04-29,2022
Mountain,clb,0.7000000000000001,0.28,0.42000000000000004,0.0,2022-06-10,2022
Mountain,hbg,0.0,0.0,0.0,0.0,2022-07-07,2022
Mountain,dmu,3.7,1.44,2.26,0.0,2022-09-09,2022
Mountain,40k,0.85,0.2,0.65,0.0,2022-10-07,2022
Mountain,unf,20.41,3.48,16.93,0.0,2022-10-07,2022
Mountain,gn3,0.2,0.2,0.0,0.0,2022-10-14,2022
Mountain,brc,0.24000000000000002,0.24000000000000002,0.0,0.0,2022-11-18,2022
Mountain,bro,1.74,0.83,0.91,0.0,2022-11-18,2022
Mountain,j22,0.16,0.16,0.0,0.0,2022-12-02,2022
Mountain,scd,0.26,0.26,0.0,0.0,2022-12-02,2022
Mountain,p23,13.02,0.0,13.02,0.0,2023-01-01,2023
Mountain,dmr,2.01,0.69,1.32,0.0,2023-01-13,2023
Mountain,one,7.76,1.02,6.739999999999999,0.0,2023-02-03,2023
Mountain,sir,0.0,0.0,0.0,0.0,2023-03-21,2023
Mountain,mom,1.02,0.42000000000000004,0.6000000000000001,0.0,2023-04-21,2023
Mountain,ltr,2.61,0.62,1.9899999999999998,0.0,2023-06-23,2023
Mountain,cmm,3.16,1.62,1.54,0.0,2023-08-04,2023
Mountain,woe,1.06,0.31,0.75,0.0,2023-09-08,2023
Mountain,who,3.5700000000000003,0.18,3.39,0.0,2023-10-13,2023
Mountain,lci,1.46,0.5700000000000001,0.89,0.0,2023-11-17,2023
Mountain,pl24,43.67,0.0,43.67,0.0,2024-02-08,2024
Mountain,mkm,0.8200000000000001,0.33999999999999997,0.48,0.0,2024-02-09,2024
Mountain,pss4,0.0,0.0,0.0,0.0,2024-02-10,2024
Mountain,clu,0.4,0.4,0.0,0.0,2024-02-23,2024
Mountain,pip,9.94,0.38,9.56,0.0,2024-03-08,2024
Mountain,otj,0.8,0.41,0.39,0.0,2024-04-19,2024
Mountain,mh3,1.07,0.22999999999999998,0.84,0.0,2024-06-14,2024
Mountain,acr,1.6300000000000001,0.56,1.07,0.0,2024-07-05,2024
Mountain,blb,4.56,1.47,3.09,0.0,2024-08-02,2024
Mountain,dsk,2.49,0.9299999999999999,1.56,0.0,2024-09-27,2024
Forest,lea,82.65,82.65,0.0,0.0,1993-08-05,1993
Forest,leb,70.01,70.01,0.0,0.0,1993-10-04,1993
Forest,2ed,8.5,8.5,0.0,0.0,1993-12-01,1993
Forest,3ed,1.22,1.22,0.0,0.0,1994-04-11,1994
Forest,fbb,8.68,8.68,0.0,0.0,1994-04-11,1994
Forest,sum,0.0,0.0,0.0,0.0,1994-06-21,1994
Forest,4bb,9.2,9.2,0.0,0.0,1995-04-01,1995
Forest,4ed,1.5699999999999998,1.5699999999999998,0.0,0.0,1995-04-01,1995
Forest,ice,1.35,1.35,0.0,0.0,1995-06-03,1995
Forest,rqs,0.0,0.0,0.0,0.0,1996-07-01,1996
Forest,parl,8.11,8.11,0.0,0.0,1996-08-02,1996
Forest,mir,2.77,2.77,0.0,0.0,1996-10-08,1996
Forest,itp,0.0,0.0,0.0,0.0,1996-12-31,1996
Forest,5ed,2.58,2.58,0.0,0.0,1997-03-24,1997
Forest,por,4.63,4.63,0.0,0.0,1997-05-01,1997
Forest,tmp,3.74,3.74,0.0,0.0,1997-10-14,1997
Forest,p02,3.66,3.66,0.0,0.0,1998-06-24,1998
Forest,ugl,9.36,9.36,0.0,0.0,1998-08-11,1998
Forest,palp,51.55,51.55,0.0,0.0,1998-09-01,1998
Forest,usg,2.58,2.58,0.0,0.0,1998-10-12,1998
Forest,ath,0.94,0.94,0.0,0.0,1998-11-01,1998
Forest,pal99,21.21,0.0,21.21,0.0,1999-01-01,1999
Forest,6ed,2.31,2.31,0.0,0.0,1999-04-21,1999
Forest,ptk,14.97,14.97,0.0,0.0,1999-05-01,1999
Forest,s99,1.34,1.34,0.0,0.0,1999-07-01,1999
Forest,pgru,524.95,524.95,0.0,0.0,1999-07-12,1999
Forest,mmq,16.32,1.63,14.690000000000001,0.0,1999-10-04,1999
Forest,brb,9.21,9.21,0.0,0.0,1999-11-12,1999
Forest,pal00,8.49,0.0,8.49,0.0,2000-01-01,2000
Forest,pelp,88.99000000000001,88.99000000000001,0.0,0.0,2000-02-05,2000
Forest,btd,1.6600000000000001,1.6600000000000001,0.0,0.0,2000-10-01,2000
Forest,inv,17.7,1.47,16.23,0.0,2000-10-02,2000
Forest,pal01,38.24,0.0,38.24,0.0,2001-01-01,2001
Forest,7ed,56.010000000000005,1.74,54.27,0.0,2001-04-11,2001
Forest,ody,28.91,2.72,26.19,0.0,2001-10-01,2001
Forest,dkm,2.27,2.27,0.0,0.0,2001-12-01,2001
Forest,ons,21.62,2.69,18.93,0.0,2002-10-07,2002
Forest,pal03,18.5,18.5,0.0,0.0,2003-01-01,2003
Forest,8ed,7.4399999999999995,1.6800000000000002,5.76,0.0,2003-07-28,2003
Forest,mrd,3.53,0.85,2.68,0.0,2003-10-02,2003
Forest,prm,0.0,0.0,0.0,0.0,2003-12-31,2003
Forest,pal04,3.23,3.23,0.0,0.0,2004-01-01,2004
Forest,chk,6.52,1.31,5.21,0.0,2004-10-01,2004
Forest,unh,42.300000000000004,7.6,34.7,0.0,2004-11-19,2004
Forest,pal05,7.75,7.75,0.0,0.0,2005-01-01,2005
Forest,pmps,68.14,0.0,68.14,0.0,2005-01-01,2005
Forest,9ed,6.05,1.97,4.08,0.0,2005-07-29,2005
Forest,psal,0.0,0.0,0.0,0.0,2005-08-22,2005
Forest,rav,2.21,1.08,1.1300000000000001,0.0,2005-10-07,2005
Forest,pal06,1.3,1.3,0.0,0.0,2006-01-01,2006
Forest,pmps06,12.58,0.0,12.58,0.0,2006-01-01,2006
Forest,cst,4.890000000000001,4.890000000000001,0.0,0.0,2006-07-21,2006
Forest,tsp,2.7800000000000002,0.72,2.06,0.0,2006-10-06,2006
Forest,pmps07,16.41,4.3,12.11,0.0,2007-01-01,2007
Forest,10e,5.05,1.15,3.9,0.0,2007-07-13,2007
Forest,me1,0.0,0.0,0.0,0.0,2007-09-10,2007
Forest,lrw,9.26,1.31,7.95,0.0,2007-10-12,2007
Forest,dd1,1.77,1.77,0.0,0.0,2007-11-16,2007
Forest,pmps08,2.93,0.0,2.93,0.0,2008-01-01,2008
Forest,shm,8.15,0.8400000000000001,7.3100000000000005,0.0,2008-05-02,2008
Forest,ala,9.55,1.22,8.33,0.0,2008-10-03,2008
Forest,pmps09,5.05,2.19,2.86,0.0,2009-01-01,2009
Forest,m10,2.6,0.49,2.11,0.0,2009-07-17,2009
Forest,hop,3.04,3.04,0.0,0.0,2009-09-04,2009
Forest,me3,0.0,0.0,0.0,0.0,2009-09-07,2009
Forest,zen,35.82,3.77,32.05,0.0,2009-10-02,2009
Forest,ddd,0.6699999999999999,0.6699999999999999,0.0,0.0,2009-10-30,2009
Forest,h09,0.35,0.0,0.35,0.0,2009-11-20,2009
Forest,pmps10,5.92,1.5,4.42,0.0,2010-01-01,2010
Forest,dde,0.52,0.52,0.0,0.0,2010-03-19,2010
Forest,roe,8.12,1.12,7.0,0.0,2010-04-23,2010
Forest,dpa,0.25,0.25,0.0,0.0,2010-06-04,2010
Forest,arc,1.22,1.22,0.0,0.0,2010-06-18,2010
Forest,m11,3.95,0.79,3.16,0.0,2010-07-16,2010
Forest,som,19.33,0.8300000000000001,18.5,0.0,2010-10-01,2010
Forest,td0,0.0,0.0,0.0,0.0,2010-11-08,2010
Forest,pmps11,2.8,0.0,2.8,0.0,2011-01-01,2011
Forest,ps11,0.0,0.0,0.0,0.0,2011-01-01,2011
Forest,mbs,2.43,0.31,2.12,0.0,2011-02-04,2011
Forest,ddg,1.57,1.57,0.0,0.0,2011-04-01,2011
Forest,nph,15.95,0.45999999999999996,15.489999999999998,0.0,2011-05-13,2011
Forest,td2,0.0,0.0,0.0,0.0,2011-05-14,2011
Forest,cmd,0.67,0.67,0.0,0.0,2011-06-17,2011
Forest,m12,2.1100000000000003,0.37,1.74,0.0,2011-07-15,2011
Forest,ddh,0.39,0.39,0.0,0.0,2011-09-02,2011
Forest,isd,5.83,0.65,5.18,0.0,2011-09-30,2011
Forest,avr,26.95,0.6599999999999999,26.29,0.0,2012-05-04,2012
Forest,pc2,0.91,0.91,0.0,0.0,2012-06-01,2012
Forest,m13,2.25,0.49,1.76,0.0,2012-07-13,2012
Forest,ddj,0.69,0.69,0.0,0.0,2012-09-07,2012
Forest,rtr,3.0,0.5700000000000001,2.43,0.0,2012-10-05,2012
Forest,m14,2.11,0.33999999999999997,1.77,0.0,2013-07-19,2013
Forest,ddl,0.6399999999999999,0.6399999999999999,0.0,0.0,2013-09-06,2013
Forest,ths,4.49,0.5,3.99,0.0,2013-09-27,2013
Forest,c13,0.9,0.9,0.0,0.0,2013-11-01,2013
Forest,j14,65.0,0.0,65.0,0.0,2014-01-01,2014
Forest,ddm,0.7,0.7,0.0,0.0,2014-03-14,2014
Forest,m15,3.1799999999999997,0.43000000000000005,2.75,0.0,2014-07-18,2014
Forest,ktk,3.1399999999999997,0.46,2.68,0.0,2014-09-26,2014
Forest,c14,0.4,0.4,0.0,0.0,2014-11-07,2014
Forest,evg,0.8999999999999999,0.8999999999999999,0.0,0.0,2014-12-05,2014
Forest,gvl,0.29,0.29,0.0,0.0,2014-12-05,2014
Forest,frf,1.73,0.21000000000000002,1.52,0.0,2015-01-23,2015
Forest,ddo,0.4,0.4,0.0,0.0,2015-02-27,2015
Forest,dtk,2.9,0.48,2.42,0.0,2015-03-27,2015
Forest,tpr,0.0,0.0,0.0,0.0,2015-05-06,2015
Forest,ori,2.5999999999999996,0.33,2.27,0.0,2015-07-17,2015
Forest,ddp,0.35000000000000003,0.35000000000000003,0.0,0.0,2015-08-28,2015
Forest,bfz,8.01,1.55,6.46,0.0,2015-10-02,2015
Forest,c15,0.52,0.52,0.0,0.0,2015-11-13,2015
Forest,soi,1.7799999999999998,0.32,1.46,0.0,2016-04-08,2016
Forest,ddr,0.5800000000000001,0.5800000000000001,0.0,0.0,2016-09-02,2016
Forest,kld,1.1,0.22000000000000003,0.88,0.0,2016-09-30,2016
Forest,c16,0.64,0.64,0.0,0.0,2016-11-11,2016
Forest,pca,1.39,1.39,0.0,0.0,2016-11-25,2016
Forest,dds,0.51,0.51,0.0,0.0,2017-03-31,2017
Forest,akh,3.09,0.54,2.55,0.0,2017-04-28,2017
Forest,cma,4.61,4.61,0.0,0.0,2017-06-09,2017
Forest,e01,0.43,0.43,0.0,0.0,2017-06-16,2017
Forest,hou,2.1500000000000004,0.37,1.7800000000000002,0.0,2017-07-14,2017
Forest,c17,0.8200000000000001,0.8200000000000001,0.0,0.0,2017-08-25,2017
Forest,pss2,2.41,0.0,2.41,0.0,2017-09-29,2017
Forest,xln,2.6799999999999997,0.53,2.15,0.0,2017-09-29,2017
Forest,g17,0.57,0.0,0.57,0.0,2017-10-20,2017
Forest,ust,27.98,2.63,25.35,0.0,2017-12-08,2017
Forest,rix,4.12,0.98,3.14,0.0,2018-01-19,2018
Forest,ddu,0.78,0.78,0.0,0.0,2018-04-06,2018
Forest,dom,2.64,0.45,2.19,0.0,2018-04-27,2018
Forest,bbd,3.82,0.92,2.9,0.0,2018-06-08,2018
Forest,cm2,1.91,1.91,0.0,0.0,2018-06-08,2018
Forest,pgpx,1.89,0.0,1.89,0.0,2018-06-14,2018
Forest,gs1,0.91,0.91,0.0,0.0,2018-06-22,2018
Forest,m19,0.6900000000000001,0.29000000000000004,0.4,0.0,2018-07-13,2018
Forest,pss3,0.47,0.0,0.47,0.0,2018-07-13,2018
Forest,ana,0.0,0.0,0.0,0.0,2018-07-14,2018
Forest,pana,0.0,0.0,0.0,0.0,2018-07-14,2018
Forest,c18,0.35,0.35,0.0,0.0,2018-08-09,2018
Forest,grn,2.02,1.0,1.02,0.0,2018-10-05,2018
Forest,gk1,0.8800000000000001,0.8800000000000001,0.0,0.0,2018-11-02,2018
Forest,prwk,2.2,0.0,2.2,0.0,2018-11-09,2018
Forest,gnt,0.31000000000000005,0.31000000000000005,0.0,0.0,2018-11-16,2018
Forest,pz2,0.0,0.0,0.0,0.0,2018-12-06,2018
Forest,pf19,0.51,0.0,0.51,0.0,2019-01-01,2019
Forest,rna,1.78,0.97,0.81,0.0,2019-01-25,2019
Forest,gk2,0.76,0.76,0.0,0.0,2019-02-15,2019
Forest,prw2,3.47,0.0,3.47,0.0,2019-02-16,2019
Forest,war,1.5799999999999998,0.22999999999999998,1.35,0.0,2019-05-03,2019
Forest,m20,2.54,1.04,1.5,0.0,2019-07-12,2019
Forest,ppp1,2.24,1.21,1.03,0.0,2019-07-12,2019
Forest,c19,0.22,0.22,0.0,0.0,2019-08-23,2019
Forest,eld,1.3199999999999998,0.48,0.84,0.0,2019-10-04,2019
Forest,gn2,1.4000000000000001,1.4000000000000001,0.0,0.0,2019-11-15,2019
Forest,pf20,0.58,0.0,0.58,0.0,2020-01-01,2020
Forest,thb,3.66,1.11,2.55,0.0,2020-01-24,2020
Forest,und,4.94,2.7199999999999998,2.22,0.0,2020-02-29,2020
Forest,iko,2.37,1.1,1.27,0.0,2020-04-24,2020
Forest,m21,2.2199999999999998,0.78,1.44,0.0,2020-07-03,2020
Forest,jmp,1.22,1.22,0.0,0.0,2020-07-17,2020
Forest,sld,383.26,166.4,201.08,15.78,2020-07-31,2020
Forest,2xm,7.220000000000001,2.69,4.53,0.0,2020-08-07,2020
Forest,akr,0.0,0.0,0.0,0.0,2020-08-13,2020
Forest,anb,0.0,0.0,0.0,0.0,2020-08-13,2020
Forest,znr,3.62,1.63,1.99,0.0,2020-09-25,2020
Forest,plst,0.85,0.85,0.0,0.0,2020-09-26,2020
Forest,klr,0.0,0.0,0.0,0.0,2020-11-12,2020
Forest,cmr,0.22000000000000003,0.22000000000000003,0.0,0.0,2020-11-20,2020
Forest,khm,1.8900000000000001,0.99,0.9,0.0,2021-02-05,2021
Forest,stx,0.42000000000000004,0.17,0.25,0.0,2021-04-23,2021
Forest,mh2,0.9099999999999999,0.13,0.18,0.6,2021-06-18,2021
Forest,afr,0.8,0.32,0.48,0.0,2021-07-23,2021
Forest,mid,1.85,0.64,1.21,0.0,2021-09-24,2021
Forest,vow,15.76,0.5800000000000001,1.1400000000000001,14.04,2021-11-19,2021
Forest,neo,7.93,3.33,4.6,0.0,2022-02-18,2022
Forest,snc,1.32,0.51,0.81,0.0,2022-04-29,2022
Forest,clb,0.75,0.34,0.41000000000000003,0.0,2022-06-10,2022
Forest,hbg,0.0,0.0,0.0,0.0,2022-07-07,2022
Forest,dmu,2.8600000000000003,0.96,1.9000000000000001,0.0,2022-09-09,2022
Forest,40k,0.43,0.08,0.35,0.0,2022-10-07,2022
Forest,unf,18.55,2.3600000000000003,16.19,0.0,2022-10-07,2022
Forest,gn3,0.26,0.26,0.0,0.0,2022-10-14,2022
Forest,bro,1.89,0.84,1.05,0.0,2022-11-18,2022
Forest,j22,0.18,0.18,0.0,0.0,2022-12-02,2022
Forest,scd,0.28,0.28,0.0,0.0,2022-12-02,2022
Forest,p23,39.35,0.0,39.35,0.0,2023-01-01,2023
Forest,dmr,2.23,0.62,1.61,0.0,2023-01-13,2023
Forest,one,7.1899999999999995,1.11,6.079999999999999,0.0,2023-02-03,2023
Forest,sir,0.0,0.0,0.0,0.0,2023-03-21,2023
Forest,mom,1.06,0.42000000000000004,0.64,0.0,2023-04-21,2023
Forest,ltr,3.88,0.78,3.1,0.0,2023-06-23,2023
Forest,cmm,3.9899999999999998,1.65,2.34,0.0,2023-08-04,2023
Forest,woe,1.3800000000000001,0.44,0.94,0.0,2023-09-08,2023
Forest,who,1.69,0.16999999999999998,1.52,0.0,2023-10-13,2023
Forest,lci,2.0500000000000003,0.8999999999999999,1.15,0.0,2023-11-17,2023
Forest,mkm,0.65,0.27,0.38,0.0,2024-02-09,2024
Forest,pss4,0.0,0.0,0.0,0.0,2024-02-10,2024
Forest,clu,0.44,0.44,0.0,0.0,2024-02-23,2024
Forest,pip,9.0,0.31,8.69,0.0,2024-03-08,2024
Forest,otj,0.94,0.42,0.52,0.0,2024-04-19,2024
Forest,mh3,1.2400000000000002,0.31,0.93,0.0,2024-06-14,2024
Forest,acr,0.92,0.38,0.54,0.0,2024-07-05,2024
Forest,blb,5.010000000000001,1.35,3.66,0.0,2024-08-02,2024
Forest,dsk,1.87,0.9,0.97,0.0,2024-09-27,2024
